source,ceeb_code,name
02c6f0c2-bd23-43c4-9cf5-4516edee49dd.pdf,311585,Westfield High School
0a8bbe6b-901b-4451-8cda-503f1b2a3c84.pdf,333480,The Bronx High School of Science
0a9ccb99-4eef-4834-8fd3-1990ae515510.pdf,331926,Francis Lewis High School
0e0af021-9b60-4672-bb35-c8b7f4269bc2.pdf,,Weber Technology High School
0fafd1ac-1f8e-4575-818b-6d72c9d347a6.pdf,053435,St. Mary's High School
1dc86397-1b1c-4f99-bc93-956ea363518e.pdf,331290,Central Islip High School
1df8843b-4cd6-4767-b47e-48ee71a4a6d6.pdf,330636,The Urban Assembly NY Harbo School
1dfcf158-a24e-4266-ac7e-6c576f516f65.pdf,,Aspire Langston Hughes Academy
1fb97891-d25b-45ac-a7e3-5e53eed584a9.pdf,,NYC Department Of Education
1fec30ff-31af-47b0-95d9-7acd66551e29.pdf,,
284380d1-0fe8-456b-9281-61266e0238fe.pdf,,East Side Union High School
2d6a314f-7c5d-478d-abbc-06b7459c2121.pdf,,NYC Department Of Education
2fbc6141-f6ee-41ad-80a9-8a31a878686c.pdf,,NYC Department Of Education
34667a1d-8603-4a02-b3de-9e713c126937.pdf,051976,East Side Union High School
3d16c38d-cbaa-4454-badf-5bfa4c6843eb.pdf,053435,St. Mary's High School
3f93ffb6-0d49-4988-926c-a0bc9c192bbb.pdf,,Weber Technology High School
3fc3765e-30ec-455d-b652-3e9184f51668.pdf,053435,St. Mary's High School
4147c127-dd2e-4c10-b096-4fc71e46518f.pdf,051976,East Side Union High School
4a3ace61-62b2-44de-be88-090c81a74eb9.pdf,,Weber Technology High School
5afad5f9-744c-4153-8082-4ac133c87924.pdf,,Aspire Langston Hughes Academy
5e6adb34-043a-41f0-ad75-73cfadaef40d.pdf,,Lodi High School
5ed664f3-7004-43cf-b2b0-6c6d39f4173e.pdf,,Lodi High School
7f24fb87-1fb9-43f0-ad29-ab2a64249fd5.pdf,,Weber Technology High School
833bde6c-dbd9-489d-88f8-cd0ead7cec0a.pdf,051976,East Side Union High School
8a5e4f92-6469-40dd-bc83-09398708d2cd.pdf,,Aspire Langston Hughes Academy
975b6e15-0b85-4cef-8103-4a6d8ce7087f.pdf,,Lodi High School
R11404893-11488889-file0001.pdf,441485,Coppel High School
R11960756-25801269-file0001.pdf,440077,ALLEN HIGH SCHOOL
R11960785-25861522-file0001.pdf,,Plano West Senior High
R11961143-25845812-file0001.pdf,440363,Vandegrift High School
R11962817-25845012-file0001.pdf,,PROSPER HIGH SCHOOL
R11963430-25840119-file0001.pdf,441485,Coppel High School
R11965041-25855700-file0001.pdf,441485,Coppel High School
R11972510-25993625-file0001.pdf,,Plano West Senior High
c46712c3-6746-4680-b892-f7d45cbc5aac.pdf,,East Union High School
c7b7baef-8ef0-4ee0-ab32-cc687549a243.pdf,,East Union High School
d18b9541-f002-4a55-8ea8-d3441976e1ec.pdf,,East Union High School
e34f4f36-35d7-4021-be41-27618f5f47f8.pdf,051976,East Side Union High School
ee7448c0-6501-40d9-b96b-8200c39ed91a.pdf,,East Union High School
fcf57acf-8972-4611-9b28-082456653392.pdf,334205,Northport High School
